ANNO;TRIMESTRE;MODALIDAD;ID_PROVEEDOR;PROVEEDOR; ABONADOS 
2011;1;POSPAGO;800153993;COMUNICACION CELULAR S A COMCEL S A;4304255
2011;1;POSPAGO;830122566;COLOMBIA TELECOMUNICACIONES S.A. ESP;2439154
2011;1;POSPAGO;830114921;COLOMBIA MOVIL S.A. E.S.P.;871001
2011;1;PREPAGO;800153993;COMUNICACION CELULAR S A COMCEL S A;25709973
2011;1;PREPAGO;830122566;COLOMBIA TELECOMUNICACIONES S.A. ESP;7531441
2011;1;PREPAGO;830114921;COLOMBIA MOVIL S.A. E.S.P.;4486225
2011;2;POSPAGO;800153993;COMUNICACION CELULAR S A COMCEL S A;4408676
2011;2;POSPAGO;830122566;COLOMBIA TELECOMUNICACIONES S.A. ESP;2529350
2011;2;POSPAGO;830114921;COLOMBIA MOVIL S.A. E.S.P.;902398
2011;2;PREPAGO;800153993;COMUNICACION CELULAR S A COMCEL S A;26274488
2011;2;PREPAGO;830122566;COLOMBIA TELECOMUNICACIONES S.A. ESP;7420004
2011;2;PREPAGO;830114921;COLOMBIA MOVIL S.A. E.S.P.;4613021
2011;2;PREPAGO;900367669;UFF MOVIL SAS;166772
2011;3;POSPAGO;800153993;COMUNICACION CELULAR S A COMCEL S A;4577816
2011;3;POSPAGO;830122566;COLOMBIA TELECOMUNICACIONES S.A. ESP;2652439
2011;3;POSPAGO;830114921;COLOMBIA MOVIL S.A. E.S.P.;924505
2011;3;PREPAGO;800153993;COMUNICACION CELULAR S A COMCEL S A;26619576
2011;3;PREPAGO;830122566;COLOMBIA TELECOMUNICACIONES S.A. ESP;8047568
2011;3;PREPAGO;830114921;COLOMBIA MOVIL S.A. E.S.P.;4717900
2011;3;PREPAGO;900367669;UFF MOVIL SAS;208108
2011;4;POSPAGO;800153993;COMUNICACION CELULAR S A COMCEL S A;4755101
2011;4;POSPAGO;830122566;COLOMBIA TELECOMUNICACIONES S.A. ESP;2764249
2011;4;POSPAGO;830114921;COLOMBIA MOVIL S.A. E.S.P.;954561
2011;4;PREPAGO;800153993;COMUNICACION CELULAR S A COMCEL S A;24063690
2011;4;PREPAGO;830122566;COLOMBIA TELECOMUNICACIONES S.A. ESP;8626823
2011;4;PREPAGO;830114921;COLOMBIA MOVIL S.A. E.S.P.;4787055
2011;4;PREPAGO;900367669;UFF MOVIL SAS;248942
2012;1;POSPAGO;800153993;COMUNICACION CELULAR S A COMCEL S A;4900878
2012;1;POSPAGO;830122566;COLOMBIA TELECOMUNICACIONES S.A. ESP;2856553
2012;1;POSPAGO;830114921;COLOMBIA MOVIL S.A. E.S.P.;984787
2012;1;PREPAGO;800153993;COMUNICACION CELULAR S A COMCEL S A;24119116
2012;1;PREPAGO;830122566;COLOMBIA TELECOMUNICACIONES S.A. ESP;9076423
2012;1;PREPAGO;830114921;COLOMBIA MOVIL S.A. E.S.P.;4904500
2012;1;PREPAGO;900367669;UFF MOVIL SAS;256918
2012;1;PREPAGO;900092385;UNE EPM TELECOMUNICACIONES S.A.;73610
2012;2;POSPAGO;800153993;COMUNICACION CELULAR S A COMCEL S A;5040764
2012;2;POSPAGO;830122566;COLOMBIA TELECOMUNICACIONES S.A. ESP;2918559
2012;2;POSPAGO;830114921;COLOMBIA MOVIL S.A. E.S.P.;1011795
2012;2;PREPAGO;800153993;COMUNICACION CELULAR S A COMCEL S A;24334505
2012;2;PREPAGO;830122566;COLOMBIA TELECOMUNICACIONES S.A. ESP;9439977
2012;2;PREPAGO;830114921;COLOMBIA MOVIL S.A. E.S.P.;5058675
2012;2;PREPAGO;900367669;UFF MOVIL SAS;271128
2012;2;PREPAGO;900092385;UNE EPM TELECOMUNICACIONES S.A.;81101
2012;3;POSPAGO;800153993;COMUNICACION CELULAR S A COMCEL S A;5194566
2012;3;POSPAGO;830122566;COLOMBIA TELECOMUNICACIONES S.A. ESP;2959789
2012;3;POSPAGO;830114921;COLOMBIA MOVIL S.A. E.S.P.;1031730
2012;3;PREPAGO;800153993;COMUNICACION CELULAR S A COMCEL S A;24767235
2012;3;PREPAGO;830122566;COLOMBIA TELECOMUNICACIONES S.A. ESP;9045172
2012;3;PREPAGO;830114921;COLOMBIA MOVIL S.A. E.S.P.;5323290
2012;3;PREPAGO;900367669;UFF MOVIL SAS;306418
2012;3;PREPAGO;900092385;UNE EPM TELECOMUNICACIONES S.A.;71017
2012;4;POSPAGO;800153993;COMUNICACION CELULAR S A COMCEL S A;5351558
2012;4;POSPAGO;830122566;COLOMBIA TELECOMUNICACIONES S.A. ESP;3028424
2012;4;POSPAGO;830114921;COLOMBIA MOVIL S.A. E.S.P.;1053589
2012;4;PREPAGO;800153993;COMUNICACION CELULAR S A COMCEL S A;25019525
2012;4;PREPAGO;830122566;COLOMBIA TELECOMUNICACIONES S.A. ESP;8675208
2012;4;PREPAGO;830114921;COLOMBIA MOVIL S.A. E.S.P.;5560145
2012;4;PREPAGO;900367669;UFF MOVIL SAS;328663
2012;4;PREPAGO;900092385;UNE EPM TELECOMUNICACIONES S.A.;49247
2013;1;POSPAGO;800153993;COMUNICACION CELULAR S A COMCEL S A;5451409
2013;1;POSPAGO;830122566;COLOMBIA TELECOMUNICACIONES S.A. ESP;3069394
2013;1;POSPAGO;830114921;COLOMBIA MOVIL S.A. E.S.P.;1072786
2013;1;PREPAGO;800153993;COMUNICACION CELULAR S A COMCEL S A;22209459
2013;1;PREPAGO;830122566;COLOMBIA TELECOMUNICACIONES S.A. ESP;8446865
2013;1;PREPAGO;830114921;COLOMBIA MOVIL S.A. E.S.P.;5782365
2013;1;PREPAGO;900367669;UFF MOVIL SAS;343645
2013;1;PREPAGO;900092385;UNE EPM TELECOMUNICACIONES S.A.;89879
2013;1;PREPAGO;899999115;EMPRESA DE TELECOMUNICACIONES DE BOGOTÁ S.A. ESP.;41654
2013;1;PREPAGO;900420122;VIRGIN MOBILE COLOMBIA S.A.S.;5644
2013;2;POSPAGO;800153993;COMUNICACION CELULAR S A COMCEL S A;5519342
2013;2;POSPAGO;830122566;COLOMBIA TELECOMUNICACIONES S.A. ESP;3190050
2013;2;POSPAGO;830114921;COLOMBIA MOVIL S.A. E.S.P.;1126164
2013;2;PREPAGO;800153993;COMUNICACION CELULAR S A COMCEL S A;22285853
2013;2;PREPAGO;830122566;COLOMBIA TELECOMUNICACIONES S.A. ESP;8490093
2013;2;PREPAGO;830114921;COLOMBIA MOVIL S.A. E.S.P.;5897598
2013;2;PREPAGO;900367669;UFF MOVIL SAS;376516
2013;2;PREPAGO;900420122;VIRGIN MOBILE COLOMBIA S.A.S.;121400
2013;2;PREPAGO;830016046;AVANTEL S.A.S.;171000
2013;2;PREPAGO;900092385;UNE EPM TELECOMUNICACIONES S.A.;91605
2013;2;PREPAGO;899999115;EMPRESA DE TELECOMUNICACIONES DE BOGOTÁ S.A. ESP.;44065
2013;2;PREPAGO;900389508;ALMACENES EXITO INVERSIONES S.A.S.;0
2013;3;POSPAGO;800153993;COMUNICACION CELULAR S A COMCEL S A;5600997
2013;3;POSPAGO;830122566;COLOMBIA TELECOMUNICACIONES S.A. ESP;3263848
2013;3;POSPAGO;830114921;COLOMBIA MOVIL S.A. E.S.P.;1179588
2013;3;PREPAGO;800153993;COMUNICACION CELULAR S A COMCEL S A;22762739
2013;3;PREPAGO;830122566;COLOMBIA TELECOMUNICACIONES S.A. ESP;8369640
2013;3;PREPAGO;830114921;COLOMBIA MOVIL S.A. E.S.P.;6112643
2013;3;PREPAGO;900367669;UFF MOVIL SAS;390576
2013;3;PREPAGO;900420122;VIRGIN MOBILE COLOMBIA S.A.S.;314228
2013;3;PREPAGO;830016046;AVANTEL S.A.S.;181734
2013;3;PREPAGO;900092385;UNE EPM TELECOMUNICACIONES S.A.;313945
2013;3;PREPAGO;899999115;EMPRESA DE TELECOMUNICACIONES DE BOGOTÁ S.A. ESP.;44925
2013;3;PREPAGO;900389508;ALMACENES EXITO INVERSIONES S.A.S.;103146
2013;4;POSPAGO;800153993;COMUNICACION CELULAR S A COMCEL S A;5714572
2013;4;POSPAGO;830122566;COLOMBIA TELECOMUNICACIONES S.A. ESP;3303208
2013;4;POSPAGO;830114921;COLOMBIA MOVIL S.A. E.S.P.;1253297
2013;4;POSPAGO;900092385;UNE EPM TELECOMUNICACIONES S.A.;322443
2013;4;POSPAGO;830016046;AVANTEL S.A.S.;158754
2013;4;PREPAGO;800153993;COMUNICACION CELULAR S A COMCEL S A;23262727
2013;4;PREPAGO;830122566;COLOMBIA TELECOMUNICACIONES S.A. ESP;8818526
2013;4;PREPAGO;830114921;COLOMBIA MOVIL S.A. E.S.P.;6386940
2013;4;PREPAGO;900367669;UFF MOVIL SAS;402350
2013;4;PREPAGO;900420122;VIRGIN MOBILE COLOMBIA S.A.S.;440667
2013;4;PREPAGO;830016046;AVANTEL S.A.S.;34543
2013;4;PREPAGO;900092385;UNE EPM TELECOMUNICACIONES S.A.;3678
2013;4;PREPAGO;899999115;EMPRESA DE TELECOMUNICACIONES DE BOGOTÁ S.A. ESP.;46814
2013;4;PREPAGO;900389508;ALMACENES EXITO INVERSIONES S.A.S.;146595
2014;1;POSPAGO;800153993;COMUNICACION CELULAR S A COMCEL S A;5804166
2014;1;POSPAGO;830122566;COLOMBIA TELECOMUNICACIONES S.A. ESP;3287289
2014;1;POSPAGO;830114921;COLOMBIA MOVIL S.A. E.S.P.;1324528
2014;1;POSPAGO;900092385;UNE EPM TELECOMUNICACIONES S.A.;249016
2014;1;POSPAGO;830016046;AVANTEL S.A.S.;166594
2014;1;PREPAGO;800153993;COMUNICACION CELULAR S A COMCEL S A;23405593
2014;1;PREPAGO;830122566;COLOMBIA TELECOMUNICACIONES S.A. ESP;9078989
2014;1;PREPAGO;830114921;COLOMBIA MOVIL S.A. E.S.P.;6632229
2014;1;PREPAGO;900367669;UFF MOVIL SAS;409271
2014;1;PREPAGO;900420122;VIRGIN MOBILE COLOMBIA S.A.S.;856474
2014;1;PREPAGO;830016046;AVANTEL S.A.S.;36816
2014;1;PREPAGO;900092385;UNE EPM TELECOMUNICACIONES S.A.;101366
2014;1;PREPAGO;899999115;EMPRESA DE TELECOMUNICACIONES DE BOGOTÁ S.A. ESP.;47037
2014;1;PREPAGO;900389508;ALMACENES EXITO INVERSIONES S.A.S.;195251
2014;2;POSPAGO;800153993;COMUNICACION CELULAR S A COMCEL S A;5832799
2014;2;POSPAGO;830122566;COLOMBIA TELECOMUNICACIONES S.A. ESP;3299475
2014;2;POSPAGO;830114921;COLOMBIA MOVIL S.A. E.S.P.;1375862
2014;2;POSPAGO;900092385;UNE EPM TELECOMUNICACIONES S.A.;260656
2014;2;POSPAGO;830016046;AVANTEL S.A.S.;166966
2014;2;PREPAGO;800153993;COMUNICACION CELULAR S A COMCEL S A;23276224
2014;2;PREPAGO;830122566;COLOMBIA TELECOMUNICACIONES S.A. ESP;8982442
2014;2;PREPAGO;830114921;COLOMBIA MOVIL S.A. E.S.P.;6944223
2014;2;PREPAGO;900367669;UFF MOVIL SAS;416309
2014;2;PREPAGO;900420122;VIRGIN MOBILE COLOMBIA S.A.S.;1235298
2014;2;PREPAGO;830016046;AVANTEL S.A.S.;39057
2014;2;PREPAGO;900092385;UNE EPM TELECOMUNICACIONES S.A.;104444
2014;2;PREPAGO;899999115;EMPRESA DE TELECOMUNICACIONES DE BOGOTÁ S.A. ESP.;34684
2014;2;PREPAGO;900389508;ALMACENES EXITO INVERSIONES S.A.S.;225573
2014;3;POSPAGO;800153993;COMUNICACION CELULAR S A COMCEL S A;5815472
2014;3;POSPAGO;830122566;COLOMBIA TELECOMUNICACIONES S.A. ESP;3268298
2014;3;POSPAGO;830114921;COLOMBIA MOVIL S.A. E.S.P.;1413261
2014;3;POSPAGO;900092385;UNE EPM TELECOMUNICACIONES S.A.;271111
2014;3;POSPAGO;830016046;AVANTEL S.A.S.;173410
2014;3;POSPAGO;899999115;EMPRESA DE TELECOMUNICACIONES DE BOGOTÁ S.A. ESP.;0
2014;3;PREPAGO;800153993;COMUNICACION CELULAR S A COMCEL S A;23475343
2014;3;PREPAGO;830122566;COLOMBIA TELECOMUNICACIONES S.A. ESP;9313255
2014;3;PREPAGO;830114921;COLOMBIA MOVIL S.A. E.S.P.;7278910
2014;3;PREPAGO;900367669;UFF MOVIL SAS;415300
2014;3;PREPAGO;900420122;VIRGIN MOBILE COLOMBIA S.A.S.;1704763
2014;3;PREPAGO;830016046;AVANTEL S.A.S.;71819
2014;3;PREPAGO;900092385;UNE EPM TELECOMUNICACIONES S.A.;108904
2014;3;PREPAGO;899999115;EMPRESA DE TELECOMUNICACIONES DE BOGOTÁ S.A. ESP.;0
2014;3;PREPAGO;900389508;ALMACENES EXITO INVERSIONES S.A.S.;273818
2014;4;POSPAGO;800153993;COMUNICACION CELULAR S A COMCEL S A;5861323
2014;4;POSPAGO;830122566;COLOMBIA TELECOMUNICACIONES S.A. ESP;3259884
2014;4;POSPAGO;830114921;COLOMBIA MOVIL S.A. E.S.P.;1456460
2014;4;POSPAGO;900092385;UNE EPM TELECOMUNICACIONES S.A.;270937
2014;4;POSPAGO;830016046;AVANTEL S.A.S.;179548
2014;4;POSPAGO;899999115;EMPRESA DE TELECOMUNICACIONES DE BOGOTÁ S.A. ESP.;15381
2014;4;PREPAGO;800153993;COMUNICACION CELULAR S A COMCEL S A;23914416
2014;4;PREPAGO;830122566;COLOMBIA TELECOMUNICACIONES S.A. ESP;9582614
2014;4;PREPAGO;830114921;COLOMBIA MOVIL S.A. E.S.P.;7695423
2014;4;PREPAGO;900367669;UFF MOVIL SAS;529834
2014;4;PREPAGO;900420122;VIRGIN MOBILE COLOMBIA S.A.S.;1990965
2014;4;PREPAGO;830016046;AVANTEL S.A.S.;88307
2014;4;PREPAGO;900092385;UNE EPM TELECOMUNICACIONES S.A.;117058
2014;4;PREPAGO;899999115;EMPRESA DE TELECOMUNICACIONES DE BOGOTÁ S.A. ESP.;5789
2014;4;PREPAGO;900389508;ALMACENES EXITO INVERSIONES S.A.S.;362788
2015;1;POSPAGO;800153993;COMUNICACION CELULAR S A COMCEL S A;5839969
2015;1;POSPAGO;830122566;COLOMBIA TELECOMUNICACIONES S.A. ESP;3251694
2015;1;POSPAGO;830114921;COLOMBIA MOVIL S.A. E.S.P.;1478754
2015;1;POSPAGO;900092385;UNE EPM TELECOMUNICACIONES S.A.;240902
2015;1;POSPAGO;830016046;AVANTEL S.A.S.;217960
2015;1;POSPAGO;899999115;EMPRESA DE TELECOMUNICACIONES DE BOGOTÁ S.A. ESP.;37395
2015;1;PREPAGO;800153993;COMUNICACION CELULAR S A COMCEL S A;23993649
2015;1;PREPAGO;830122566;COLOMBIA TELECOMUNICACIONES S.A. ESP;9633221
2015;1;PREPAGO;830114921;COLOMBIA MOVIL S.A. E.S.P.;8214319
2015;1;PREPAGO;900367669;UFF MOVIL SAS;457365
2015;1;PREPAGO;900420122;VIRGIN MOBILE COLOMBIA S.A.S.;2118363
2015;1;PREPAGO;830016046;AVANTEL S.A.S.;94986
2015;1;PREPAGO;900092385;UNE EPM TELECOMUNICACIONES S.A.;117225
2015;1;PREPAGO;899999115;EMPRESA DE TELECOMUNICACIONES DE BOGOTÁ S.A. ESP.;33475
2015;1;PREPAGO;900389508;ALMACENES EXITO INVERSIONES S.A.S.;410615
2015;2;POSPAGO;800153993;COMUNICACION CELULAR S A COMCEL S A;5811329
2015;2;POSPAGO;830122566;COLOMBIA TELECOMUNICACIONES S.A. ESP;3254694
2015;2;POSPAGO;830114921;COLOMBIA MOVIL S.A. E.S.P.;1466214
2015;2;POSPAGO;900092385;UNE EPM TELECOMUNICACIONES S.A.;223243
2015;2;POSPAGO;830016046;AVANTEL S.A.S.;277097
2015;2;POSPAGO;899999115;EMPRESA DE TELECOMUNICACIONES DE BOGOTÁ S.A. ESP.;74001
2015;2;PREPAGO;800153993;COMUNICACION CELULAR S A COMCEL S A;23558776
2015;2;PREPAGO;830122566;COLOMBIA TELECOMUNICACIONES S.A. ESP;9158571
2015;2;PREPAGO;830114921;COLOMBIA MOVIL S.A. E.S.P.;8658535
2015;2;PREPAGO;900367669;UFF MOVIL SAS;400901
2015;2;PREPAGO;900420122;VIRGIN MOBILE COLOMBIA S.A.S.;2258306
2015;2;PREPAGO;830016046;AVANTEL S.A.S.;156474
2015;2;PREPAGO;900092385;UNE EPM TELECOMUNICACIONES S.A.;117084
2015;2;PREPAGO;899999115;EMPRESA DE TELECOMUNICACIONES DE BOGOTÁ S.A. ESP.;88336
2015;2;PREPAGO;900389508;ALMACENES EXITO INVERSIONES S.A.S.;478895
2015;3;POSPAGO;800153993;COMUNICACION CELULAR S A COMCEL S A;5827131
2015;3;POSPAGO;830122566;COLOMBIA TELECOMUNICACIONES S.A. ESP;3313709
2015;3;POSPAGO;830114921;COLOMBIA MOVIL S.A. E.S.P.;1478644
2015;3;POSPAGO;900092385;UNE EPM TELECOMUNICACIONES S.A.;206308
2015;3;POSPAGO;830016046;AVANTEL S.A.S.;310911
2015;3;POSPAGO;899999115;EMPRESA DE TELECOMUNICACIONES DE BOGOTÁ S.A. ESP.;135295
2015;3;PREPAGO;800153993;COMUNICACION CELULAR S A COMCEL S A;23103921
2015;3;PREPAGO;830122566;COLOMBIA TELECOMUNICACIONES S.A. ESP;9341847
2015;3;PREPAGO;830114921;COLOMBIA MOVIL S.A. E.S.P.;8933957
2015;3;PREPAGO;900367669;UFF MOVIL SAS;285164
2015;3;PREPAGO;900420122;VIRGIN MOBILE COLOMBIA S.A.S.;2254035
2015;3;PREPAGO;830016046;AVANTEL S.A.S.;239049
2015;3;PREPAGO;900092385;UNE EPM TELECOMUNICACIONES S.A.;117046
2015;3;PREPAGO;899999115;EMPRESA DE TELECOMUNICACIONES DE BOGOTÁ S.A. ESP.;138430
2015;3;PREPAGO;900389508;ALMACENES EXITO INVERSIONES S.A.S.;573124
2015;4;POSPAGO;800153993;COMUNICACION CELULAR S A COMCEL S A;5869203
2015;4;POSPAGO;830122566;COLOMBIA TELECOMUNICACIONES S.A. ESP;3385539
2015;4;POSPAGO;830114921;COLOMBIA MOVIL S.A. E.S.P.;1491435
2015;4;POSPAGO;900092385;UNE EPM TELECOMUNICACIONES S.A.;184298
2015;4;POSPAGO;830016046;AVANTEL S.A.S.;325807
2015;4;POSPAGO;899999115;EMPRESA DE TELECOMUNICACIONES DE BOGOTÁ S.A. ESP.;192457
2015;4;PREPAGO;800153993;COMUNICACION CELULAR S A COMCEL S A;23103921
2015;4;PREPAGO;830122566;COLOMBIA TELECOMUNICACIONES S.A. ESP;9510905
2015;4;PREPAGO;830114921;COLOMBIA MOVIL S.A. E.S.P.;9422603
2015;4;PREPAGO;900367669;UFF MOVIL SAS;190413
2015;4;PREPAGO;900420122;VIRGIN MOBILE COLOMBIA S.A.S.;2257434
2015;4;PREPAGO;830016046;AVANTEL S.A.S.;371110
2015;4;PREPAGO;900092385;UNE EPM TELECOMUNICACIONES S.A.;116931
2015;4;PREPAGO;899999115;EMPRESA DE TELECOMUNICACIONES DE BOGOTÁ S.A. ESP.;197714
2015;4;PREPAGO;900389508;ALMACENES EXITO INVERSIONES S.A.S.;707700
2016;1;POSPAGO;800153993;COMUNICACION CELULAR S A COMCEL S A;5938432
2016;1;POSPAGO;830122566;COLOMBIA TELECOMUNICACIONES S.A. ESP;3432238
2016;1;POSPAGO;830114921;COLOMBIA MOVIL S.A. E.S.P.;1418918
2016;1;POSPAGO;900092385;UNE EPM TELECOMUNICACIONES S.A.;149241
2016;1;POSPAGO;830016046;AVANTEL S.A.S.;339292
2016;1;POSPAGO;899999115;EMPRESA DE TELECOMUNICACIONES DE BOGOTÁ S.A. ESP.;203800
2016;1;PREPAGO;800153993;COMUNICACION CELULAR S A COMCEL S A;22401429
2016;1;PREPAGO;830122566;COLOMBIA TELECOMUNICACIONES S.A. ESP;9625081
2016;1;PREPAGO;830114921;COLOMBIA MOVIL S.A. E.S.P.;9620115
2016;1;PREPAGO;900367669;UFF MOVIL SAS;140208
2016;1;PREPAGO;900420122;VIRGIN MOBILE COLOMBIA S.A.S.;2410223
2016;1;PREPAGO;830016046;AVANTEL S.A.S.;454490
2016;1;PREPAGO;900092385;UNE EPM TELECOMUNICACIONES S.A.;116869
2016;1;PREPAGO;899999115;EMPRESA DE TELECOMUNICACIONES DE BOGOTÁ S.A. ESP.;214470
2016;1;PREPAGO;900389508;ALMACENES EXITO INVERSIONES S.A.S.;827815
2016;2;POSPAGO;800153993;COMUNICACION CELULAR S A COMCEL S A;6082968
2016;2;POSPAGO;830122566;COLOMBIA TELECOMUNICACIONES S.A. ESP;3506690
2016;2;POSPAGO;830114921;COLOMBIA MOVIL S.A. E.S.P.;1373826
2016;2;POSPAGO;900092385;UNE EPM TELECOMUNICACIONES S.A.;129857
2016;2;POSPAGO;830016046;AVANTEL S.A.S.;365297
2016;2;POSPAGO;899999115;EMPRESA DE TELECOMUNICACIONES DE BOGOTÁ S.A. ESP.;232506
2016;2;PREPAGO;800153993;COMUNICACION CELULAR S A COMCEL S A;22176568
2016;2;PREPAGO;830122566;COLOMBIA TELECOMUNICACIONES S.A. ESP;9730236
2016;2;PREPAGO;830114921;COLOMBIA MOVIL S.A. E.S.P.;9954407
2016;2;PREPAGO;900367669;UFF MOVIL SAS;99144
2016;2;PREPAGO;900420122;VIRGIN MOBILE COLOMBIA S.A.S.;2352617
2016;2;PREPAGO;830016046;AVANTEL S.A.S.;611735
2016;2;PREPAGO;900092385;UNE EPM TELECOMUNICACIONES S.A.;106073
2016;2;PREPAGO;899999115;EMPRESA DE TELECOMUNICACIONES DE BOGOTÁ S.A. ESP.;258305
2016;2;PREPAGO;900389508;ALMACENES EXITO INVERSIONES S.A.S.;947183
2016;3;POSPAGO;800153993;COMUNICACION CELULAR S A COMCEL S A;6223746
2016;3;POSPAGO;830122566;COLOMBIA TELECOMUNICACIONES S.A. ESP;3560843
2016;3;POSPAGO;830114921;COLOMBIA MOVIL S.A. E.S.P.;1411884
2016;3;POSPAGO;900092385;UNE EPM TELECOMUNICACIONES S.A.;120471
2016;3;POSPAGO;830016046;AVANTEL S.A.S.;390413
2016;3;POSPAGO;899999115;EMPRESA DE TELECOMUNICACIONES DE BOGOTÁ S.A. ESP.;254741
2016;3;PREPAGO;800153993;COMUNICACION CELULAR S A COMCEL S A;22265090
2016;3;PREPAGO;830122566;COLOMBIA TELECOMUNICACIONES S.A. ESP;10018983
2016;3;PREPAGO;830114921;COLOMBIA MOVIL S.A. E.S.P.;9554176
2016;3;PREPAGO;900367669;UFF MOVIL SAS;100834
2016;3;PREPAGO;900420122;VIRGIN MOBILE COLOMBIA S.A.S.;2397611
2016;3;PREPAGO;830016046;AVANTEL S.A.S.;708350
2016;3;PREPAGO;900092385;UNE EPM TELECOMUNICACIONES S.A.;104905
2016;3;PREPAGO;899999115;EMPRESA DE TELECOMUNICACIONES DE BOGOTÁ S.A. ESP.;309844
2016;3;PREPAGO;900389508;ALMACENES EXITO INVERSIONES S.A.S.;1101859
2016;4;POSPAGO;800153993;COMUNICACION CELULAR S A COMCEL S A;6371971
2016;4;POSPAGO;830122566;COLOMBIA TELECOMUNICACIONES S.A. ESP;3588464
2016;4;POSPAGO;830114921;COLOMBIA MOVIL S.A. E.S.P.;1420423
2016;4;POSPAGO;900092385;UNE EPM TELECOMUNICACIONES S.A.;91782
2016;4;POSPAGO;830016046;AVANTEL S.A.S.;372797
2016;4;POSPAGO;899999115;EMPRESA DE TELECOMUNICACIONES DE BOGOTÁ S.A. ESP.;267295
2016;4;PREPAGO;800153993;COMUNICACION CELULAR S A COMCEL S A;22581913
2016;4;PREPAGO;830122566;COLOMBIA TELECOMUNICACIONES S.A. ESP;10136807
2016;4;PREPAGO;830114921;COLOMBIA MOVIL S.A. E.S.P.;8858780
2016;4;PREPAGO;900367669;UFF MOVIL SAS;104785
2016;4;PREPAGO;900420122;VIRGIN MOBILE COLOMBIA S.A.S.;2481579
2016;4;PREPAGO;830016046;AVANTEL S.A.S.;832525
2016;4;PREPAGO;900092385;UNE EPM TELECOMUNICACIONES S.A.;0
2016;4;PREPAGO;899999115;EMPRESA DE TELECOMUNICACIONES DE BOGOTÁ S.A. ESP.;422516
2016;4;PREPAGO;900389508;ALMACENES EXITO INVERSIONES S.A.S.;1153287
2017;1;POSPAGO;800153993;COMUNICACION CELULAR S A COMCEL S A;6458774
2017;1;POSPAGO;830122566;COLOMBIA TELECOMUNICACIONES S.A. ESP;3628676
2017;1;POSPAGO;830114921;COLOMBIA MOVIL S.A. E.S.P.;1412127
2017;1;POSPAGO;900092385;UNE EPM TELECOMUNICACIONES S.A.;90994
2017;1;POSPAGO;830016046;AVANTEL S.A.S.;357497
2017;1;POSPAGO;899999115;EMPRESA DE TELECOMUNICACIONES DE BOGOTÁ S.A. ESP.;250670
2017;1;PREPAGO;800153993;COMUNICACION CELULAR S A COMCEL S A;22694370
2017;1;PREPAGO;830122566;COLOMBIA TELECOMUNICACIONES S.A. ESP;9878442
2017;1;PREPAGO;830114921;COLOMBIA MOVIL S.A. E.S.P.;9002400
2017;1;PREPAGO;900367669;UFF MOVIL SAS;112514
2017;1;PREPAGO;900420122;VIRGIN MOBILE COLOMBIA S.A.S.;2584768
2017;1;PREPAGO;830016046;AVANTEL S.A.S.;993222
2017;1;PREPAGO;900092385;UNE EPM TELECOMUNICACIONES S.A.;0
2017;1;PREPAGO;899999115;EMPRESA DE TELECOMUNICACIONES DE BOGOTÁ S.A. ESP.;468106
2017;1;PREPAGO;900389508;ALMACENES EXITO INVERSIONES S.A.S.;1142308
2017;2;POSPAGO;800153993;COMUNICACION CELULAR S A COMCEL S A;6553309
2017;2;POSPAGO;830122566;COLOMBIA TELECOMUNICACIONES S.A. ESP;3671588
2017;2;POSPAGO;830114921;COLOMBIA MOVIL S.A. E.S.P.;1449286
2017;2;POSPAGO;900092385;UNE EPM TELECOMUNICACIONES S.A.;89843
2017;2;POSPAGO;830016046;AVANTEL S.A.S.;358443
2017;2;POSPAGO;899999115;EMPRESA DE TELECOMUNICACIONES DE BOGOTÁ S.A. ESP.;224094
2017;2;PREPAGO;800153993;COMUNICACION CELULAR S A COMCEL S A;22671618
2017;2;PREPAGO;830122566;COLOMBIA TELECOMUNICACIONES S.A. ESP;10096816
2017;2;PREPAGO;830114921;COLOMBIA MOVIL S.A. E.S.P.;9391996
2017;2;PREPAGO;900367669;UFF MOVIL SAS;110586
2017;2;PREPAGO;900420122;VIRGIN MOBILE COLOMBIA S.A.S.;2661621
2017;2;PREPAGO;830016046;AVANTEL S.A.S.;1064015
2017;2;PREPAGO;900092385;UNE EPM TELECOMUNICACIONES S.A.;0
2017;2;PREPAGO;899999115;EMPRESA DE TELECOMUNICACIONES DE BOGOTÁ S.A. ESP.;473634
2017;2;PREPAGO;900389508;ALMACENES EXITO INVERSIONES S.A.S.;931450
2017;3;PREPAGO;900389508;ALMACENES EXITO INVERSIONES S.A.S.;1120902
2017;3;PREPAGO;830016046;AVANTEL S.A.S.;1390314
2017;3;PREPAGO;830114921;COLOMBIA MOVIL S.A. E.S.P.;9650034
2017;3;PREPAGO;830122566;COLOMBIA TELECOMUNICACIONES S.A. ESP;10401082
2017;3;PREPAGO;800153993;COMUNICACION CELULAR S A COMCEL S A;22508198
2017;3;PREPAGO;899999115;EMPRESA DE TELECOMUNICACIONES DE BOGOTÁ S.A. ESP.;373842
2017;3;PREPAGO;901162121;LOGISTICA FLASH COLOMBIA S.A.S;0
2017;3;PREPAGO;900973532;SUMA MOVIL SAS;0
2017;3;PREPAGO;900367669;UFF MOVIL SAS;103452
2017;3;PREPAGO;900092385;UNE EPM TELECOMUNICACIONES S.A.;0
2017;3;PREPAGO;900420122;VIRGIN MOBILE COLOMBIA S.A.S.;2759150
2017;3;POSPAGO;900389508;ALMACENES EXITO INVERSIONES S.A.S.;0
2017;3;POSPAGO;830016046;AVANTEL S.A.S.;429231
2017;3;POSPAGO;830114921;COLOMBIA MOVIL S.A. E.S.P.;1498412
2017;3;POSPAGO;830122566;COLOMBIA TELECOMUNICACIONES S.A. ESP;3728814
2017;3;POSPAGO;800153993;COMUNICACION CELULAR S A COMCEL S A;6604164
2017;3;POSPAGO;899999115;EMPRESA DE TELECOMUNICACIONES DE BOGOTÁ S.A. ESP.;208550
2017;3;POSPAGO;901162121;LOGISTICA FLASH COLOMBIA S.A.S;0
2017;3;POSPAGO;900973532;SUMA MOVIL SAS;0
2017;3;POSPAGO;900367669;UFF MOVIL SAS;0
2017;3;POSPAGO;900092385;UNE EPM TELECOMUNICACIONES S.A.;2751
2017;3;POSPAGO;900420122;VIRGIN MOBILE COLOMBIA S.A.S.;0
2017;4;PREPAGO;900389508;ALMACENES EXITO INVERSIONES S.A.S.;1357366
2017;4;PREPAGO;830016046;AVANTEL S.A.S.;1502000
2017;4;PREPAGO;830114921;COLOMBIA MOVIL S.A. E.S.P.;9877451
2017;4;PREPAGO;830122566;COLOMBIA TELECOMUNICACIONES S.A. ESP;10857671
2017;4;PREPAGO;800153993;COMUNICACION CELULAR S A COMCEL S A;22664585
2017;4;PREPAGO;899999115;EMPRESA DE TELECOMUNICACIONES DE BOGOTÁ S.A. ESP.;377356
2017;4;PREPAGO;900367669;UFF MOVIL SAS;97634
2017;4;PREPAGO;900092385;UNE EPM TELECOMUNICACIONES S.A.;0
2017;4;PREPAGO;900420122;VIRGIN MOBILE COLOMBIA S.A.S.;2803168
2017;4;POSPAGO;900389508;ALMACENES EXITO INVERSIONES S.A.S.;0
2017;4;POSPAGO;830016046;AVANTEL S.A.S.;480424
2017;4;POSPAGO;830114921;COLOMBIA MOVIL S.A. E.S.P.;1563860
2017;4;POSPAGO;830122566;COLOMBIA TELECOMUNICACIONES S.A. ESP;3732884
2017;4;POSPAGO;800153993;COMUNICACION CELULAR S A COMCEL S A;6688246
2017;4;POSPAGO;899999115;EMPRESA DE TELECOMUNICACIONES DE BOGOTÁ S.A. ESP.;217369
2017;4;POSPAGO;900367669;UFF MOVIL SAS;0
2017;4;POSPAGO;900092385;UNE EPM TELECOMUNICACIONES S.A.;0
2017;4;POSPAGO;900420122;VIRGIN MOBILE COLOMBIA S.A.S.;0
2018;1;PREPAGO;900389508;ALMACENES EXITO INVERSIONES S.A.S.;1578026
2018;1;PREPAGO;830016046;AVANTEL S.A.S.;1474827
2018;1;PREPAGO;830114921;COLOMBIA MOVIL S.A. E.S.P.;9970576
2018;1;PREPAGO;830122566;COLOMBIA TELECOMUNICACIONES S.A. ESP;11003849
2018;1;PREPAGO;800153993;COMUNICACION CELULAR S A COMCEL S A;22717223
2018;1;PREPAGO;899999115;EMPRESA DE TELECOMUNICACIONES DE BOGOTÁ S.A. ESP.;349001
2018;1;PREPAGO;900367669;UFF MOVIL SAS;80638
2018;1;PREPAGO;900092385;UNE EPM TELECOMUNICACIONES S.A.;0
2018;1;PREPAGO;900420122;VIRGIN MOBILE COLOMBIA S.A.S.;2820484
2018;1;POSPAGO;900389508;ALMACENES EXITO INVERSIONES S.A.S.;0
2018;1;POSPAGO;830016046;AVANTEL S.A.S.;540711
2018;1;POSPAGO;830114921;COLOMBIA MOVIL S.A. E.S.P.;1593141
2018;1;POSPAGO;830122566;COLOMBIA TELECOMUNICACIONES S.A. ESP;3712291
2018;1;POSPAGO;800153993;COMUNICACION CELULAR S A COMCEL S A;6683865
2018;1;POSPAGO;899999115;EMPRESA DE TELECOMUNICACIONES DE BOGOTÁ S.A. ESP.;238955
2018;1;POSPAGO;900367669;UFF MOVIL SAS;0
2018;1;POSPAGO;900092385;UNE EPM TELECOMUNICACIONES S.A.;0
2018;1;POSPAGO;900420122;VIRGIN MOBILE COLOMBIA S.A.S.;0
2018;1;PREPAGO;900973532;SUMA MOVIL SAS;409
2018;2;PREPAGO;900389508;ALMACENES EXITO INVERSIONES S.A.S.;1626699
2018;2;PREPAGO;830016046;AVANTEL S.A.S.;1461934
2018;2;PREPAGO;830114921;COLOMBIA MOVIL S.A. E.S.P.;9967391
2018;2;PREPAGO;830122566;COLOMBIA TELECOMUNICACIONES S.A. ESP;11298360
2018;2;PREPAGO;800153993;COMUNICACION CELULAR S A COMCEL S A;22381248
2018;2;PREPAGO;899999115;EMPRESA DE TELECOMUNICACIONES DE BOGOTÁ S.A. ESP.;351529
2018;2;PREPAGO;901162121;LOGISTICA FLASH COLOMBIA S.A.S;0
2018;2;PREPAGO;900973532;SUMA MOVIL SAS;574
2018;2;PREPAGO;900367669;UFF MOVIL SAS;71115
2018;2;PREPAGO;900092385;UNE EPM TELECOMUNICACIONES S.A.;0
2018;2;PREPAGO;900420122;VIRGIN MOBILE COLOMBIA S.A.S.;2757292
2018;2;POSPAGO;900389508;ALMACENES EXITO INVERSIONES S.A.S.;0
2018;2;POSPAGO;830016046;AVANTEL S.A.S.;591326
2018;2;POSPAGO;830114921;COLOMBIA MOVIL S.A. E.S.P.;1595868
2018;2;POSPAGO;830122566;COLOMBIA TELECOMUNICACIONES S.A. ESP;3772300
2018;2;POSPAGO;800153993;COMUNICACION CELULAR S A COMCEL S A;6786534
2018;2;POSPAGO;899999115;EMPRESA DE TELECOMUNICACIONES DE BOGOTÁ S.A. ESP.;250744
2018;2;POSPAGO;901162121;LOGISTICA FLASH COLOMBIA S.A.S;0
2018;2;POSPAGO;900973532;SUMA MOVIL SAS;0
2018;2;POSPAGO;900367669;UFF MOVIL SAS;0
2018;2;POSPAGO;900092385;UNE EPM TELECOMUNICACIONES S.A.;0
2018;2;POSPAGO;900420122;VIRGIN MOBILE COLOMBIA S.A.S.;0
2018;3;PREPAGO;900389508;ALMACENES EXITO INVERSIONES S.A.S.;1694567
2018;3;PREPAGO;830016046;AVANTEL S.A.S.;1507198
2018;3;PREPAGO;830114921;COLOMBIA MOVIL S.A. E.S.P.;10008653
2018;3;PREPAGO;830122566;COLOMBIA TELECOMUNICACIONES S.A. ESP;11469280
2018;3;PREPAGO;800153993;COMUNICACION CELULAR S A COMCEL S A;22345925
2018;3;PREPAGO;899999115;EMPRESA DE TELECOMUNICACIONES DE BOGOTÁ S.A. ESP.;323246
2018;3;PREPAGO;901162121;LOGISTICA FLASH COLOMBIA S.A.S;212636
2018;3;PREPAGO;900973532;SUMA MOVIL SAS;1200
2018;3;PREPAGO;900367669;UFF MOVIL SAS;0
2018;3;PREPAGO;900092385;UNE EPM TELECOMUNICACIONES S.A.;0
2018;3;PREPAGO;900420122;VIRGIN MOBILE COLOMBIA S.A.S.;2698194
2018;3;POSPAGO;900389508;ALMACENES EXITO INVERSIONES S.A.S.;0
2018;3;POSPAGO;830016046;AVANTEL S.A.S.;613836
2018;3;POSPAGO;830114921;COLOMBIA MOVIL S.A. E.S.P.;1612906
2018;3;POSPAGO;830122566;COLOMBIA TELECOMUNICACIONES S.A. ESP;3821303
2018;3;POSPAGO;800153993;COMUNICACION CELULAR S A COMCEL S A;6886963
2018;3;POSPAGO;899999115;EMPRESA DE TELECOMUNICACIONES DE BOGOTÁ S.A. ESP.;231760
2018;3;POSPAGO;901162121;LOGISTICA FLASH COLOMBIA S.A.S;0
2018;3;POSPAGO;900973532;SUMA MOVIL SAS;0
2018;3;POSPAGO;900367669;UFF MOVIL SAS;0
2018;3;POSPAGO;900092385;UNE EPM TELECOMUNICACIONES S.A.;0
2018;3;POSPAGO;900420122;VIRGIN MOBILE COLOMBIA S.A.S.;0
2018;4;PREPAGO;900389508;ALMACENES EXITO INVERSIONES S.A.S.;1661346
2018;4;PREPAGO;830016046;AVANTEL S.A.S.;1580942
2018;4;PREPAGO;830114921;COLOMBIA MOVIL S.A. E.S.P.;10160441
2018;4;PREPAGO;830122566;COLOMBIA TELECOMUNICACIONES S.A. ESP;11880734
2018;4;PREPAGO;800153993;COMUNICACION CELULAR S A COMCEL S A;22744160
2018;4;PREPAGO;899999115;EMPRESA DE TELECOMUNICACIONES DE BOGOTÁ S.A. ESP.;287046
2018;4;PREPAGO;901162121;LOGISTICA FLASH COLOMBIA S.A.S;555937
2018;4;PREPAGO;900973532;SUMA MOVIL SAS;2460
2018;4;PREPAGO;900367669;UFF MOVIL SAS;0
2018;4;PREPAGO;900092385;UNE EPM TELECOMUNICACIONES S.A.;0
2018;4;PREPAGO;900420122;VIRGIN MOBILE COLOMBIA S.A.S.;2687737
2018;4;POSPAGO;900389508;ALMACENES EXITO INVERSIONES S.A.S.;0
2018;4;POSPAGO;830016046;AVANTEL S.A.S.;640676
2018;4;POSPAGO;830114921;COLOMBIA MOVIL S.A. E.S.P.;1652051
2018;4;POSPAGO;830122566;COLOMBIA TELECOMUNICACIONES S.A. ESP;3835482
2018;4;POSPAGO;800153993;COMUNICACION CELULAR S A COMCEL S A;6936693
2018;4;POSPAGO;899999115;EMPRESA DE TELECOMUNICACIONES DE BOGOTÁ S.A. ESP.;199351
2018;4;POSPAGO;901162121;LOGISTICA FLASH COLOMBIA S.A.S;0
2018;4;POSPAGO;900973532;SUMA MOVIL SAS;0
2018;4;POSPAGO;900367669;UFF MOVIL SAS;0
2018;4;POSPAGO;900092385;UNE EPM TELECOMUNICACIONES S.A.;0
2018;4;POSPAGO;900420122;VIRGIN MOBILE COLOMBIA S.A.S.;0
2019;1;PREPAGO;900389508;ALMACENES EXITO INVERSIONES S.A.S.;1542278
2019;1;PREPAGO;830016046;AVANTEL S.A.S.;1630028
2019;1;PREPAGO;830114921;COLOMBIA MOVIL S.A. E.S.P.;9826161
2019;1;PREPAGO;830122566;COLOMBIA TELECOMUNICACIONES S.A. ESP;12015286
2019;1;PREPAGO;800153993;COMUNICACION CELULAR S A COMCEL S A;22890292
2019;1;PREPAGO;899999115;EMPRESA DE TELECOMUNICACIONES DE BOGOTÁ S.A. ESP.;249645
2019;1;PREPAGO;901162121;LOGISTICA FLASH COLOMBIA S.A.S;629210
2019;1;PREPAGO;900973532;SUMA MOVIL SAS;3370
2019;1;PREPAGO;900367669;UFF MOVIL SAS;0
2019;1;PREPAGO;900092385;UNE EPM TELECOMUNICACIONES S.A.;0
2019;1;PREPAGO;900420122;VIRGIN MOBILE COLOMBIA S.A.S.;2735382
2019;1;POSPAGO;900389508;ALMACENES EXITO INVERSIONES S.A.S.;0
2019;1;POSPAGO;830016046;AVANTEL S.A.S.;656614
2019;1;POSPAGO;830114921;COLOMBIA MOVIL S.A. E.S.P.;1729695
2019;1;POSPAGO;830122566;COLOMBIA TELECOMUNICACIONES S.A. ESP;3868966
2019;1;POSPAGO;800153993;COMUNICACION CELULAR S A COMCEL S A;6996809
2019;1;POSPAGO;899999115;EMPRESA DE TELECOMUNICACIONES DE BOGOTÁ S.A. ESP.;194535
2019;1;POSPAGO;901162121;LOGISTICA FLASH COLOMBIA S.A.S;0
2019;1;POSPAGO;900973532;SUMA MOVIL SAS;0
2019;1;POSPAGO;900367669;UFF MOVIL SAS;0
2019;1;POSPAGO;900092385;UNE EPM TELECOMUNICACIONES S.A.;0
2019;1;POSPAGO;900420122;VIRGIN MOBILE COLOMBIA S.A.S.;0
2019;2;PREPAGO;900389508;ALMACENES EXITO INVERSIONES S.A.S.;1770316
2019;2;PREPAGO;830016046;AVANTEL S.A.S.;1671380
2019;2;PREPAGO;830114921;COLOMBIA MOVIL S.A. E.S.P.;9963118
2019;2;PREPAGO;830122566;COLOMBIA TELECOMUNICACIONES S.A. ESP;12097684
2019;2;PREPAGO;800153993;COMUNICACION CELULAR S A COMCEL S A;23029188
2019;2;PREPAGO;899999115;EMPRESA DE TELECOMUNICACIONES DE BOGOTÁ S.A. ESP.;258103
2019;2;PREPAGO;901162121;LOGISTICA FLASH COLOMBIA S.A.S;553045
2019;2;PREPAGO;900973532;SUMA MOVIL SAS;3554
2019;2;PREPAGO;900367669;UFF MOVIL SAS;0
2019;2;PREPAGO;900092385;UNE EPM TELECOMUNICACIONES S.A.;0
2019;2;PREPAGO;900420122;VIRGIN MOBILE COLOMBIA S.A.S.;2778854
2019;2;POSPAGO;900389508;ALMACENES EXITO INVERSIONES S.A.S.;0
2019;2;POSPAGO;830016046;AVANTEL S.A.S.;661016
2019;2;POSPAGO;830114921;COLOMBIA MOVIL S.A. E.S.P.;1759088
2019;2;POSPAGO;830122566;COLOMBIA TELECOMUNICACIONES S.A. ESP;3931388
2019;2;POSPAGO;800153993;COMUNICACION CELULAR S A COMCEL S A;7114931
2019;2;POSPAGO;899999115;EMPRESA DE TELECOMUNICACIONES DE BOGOTÁ S.A. ESP.;202416
2019;2;POSPAGO;901162121;LOGISTICA FLASH COLOMBIA S.A.S;0
2019;2;POSPAGO;900973532;SUMA MOVIL SAS;0
2019;2;POSPAGO;900367669;UFF MOVIL SAS;0
2019;2;POSPAGO;900092385;UNE EPM TELECOMUNICACIONES S.A.;0
2019;2;POSPAGO;900420122;VIRGIN MOBILE COLOMBIA S.A.S.;0
2019;3;POSPAGO;900389508;ALMACENES EXITO INVERSIONES S.A.S.;0
2019;3;PREPAGO;900389508;ALMACENES EXITO INVERSIONES S.A.S.;1191630
2019;3;POSPAGO;830016046;AVANTEL S.A.S.;658927
2019;3;PREPAGO;830016046;AVANTEL S.A.S.;1717157
2019;3;POSPAGO;830114921;COLOMBIA MOVIL S.A. E.S.P.;1780987
2019;3;PREPAGO;830114921;COLOMBIA MOVIL S.A. E.S.P.;9462024
2019;3;POSPAGO;830122566;COLOMBIA TELECOMUNICACIONES S.A. ESP;3995407
2019;3;PREPAGO;830122566;COLOMBIA TELECOMUNICACIONES S.A. ESP;12064547
2019;3;POSPAGO;800153993;COMUNICACION CELULAR S A COMCEL S A;7249104
2019;3;PREPAGO;800153993;COMUNICACION CELULAR S A COMCEL S A;23327614
2019;3;POSPAGO;899999115;EMPRESA DE TELECOMUNICACIONES DE BOGOTÁ S.A. ESP.;169586
2019;3;PREPAGO;899999115;EMPRESA DE TELECOMUNICACIONES DE BOGOTÁ S.A. ESP.;245554
2019;3;POSPAGO;901162121;LOGISTICA FLASH COLOMBIA S.A.S;0
2019;3;PREPAGO;901162121;LOGISTICA FLASH COLOMBIA S.A.S;449477
2019;3;POSPAGO;900973532;SUMA MOVIL SAS;0
2019;3;PREPAGO;900973532;SUMA MOVIL SAS;3741
2019;3;POSPAGO;900367669;UFF MOVIL SAS;0
2019;3;PREPAGO;900367669;UFF MOVIL SAS;0
2019;3;POSPAGO;900092385;UNE EPM TELECOMUNICACIONES S.A.;0
2019;3;PREPAGO;900092385;UNE EPM TELECOMUNICACIONES S.A.;0
2019;3;POSPAGO;900420122;VIRGIN MOBILE COLOMBIA S.A.S.;0
2019;3;PREPAGO;900420122;VIRGIN MOBILE COLOMBIA S.A.S.;2800297
2019;4;POSPAGO;900389508;ALMACENES EXITO INVERSIONES S.A.S.;0
2019;4;PREPAGO;900389508;ALMACENES EXITO INVERSIONES S.A.S.;1434851
2019;4;POSPAGO;830016046;AVANTEL S.A.S.;597276
2019;4;PREPAGO;830016046;AVANTEL S.A.S.;1705901
2019;4;POSPAGO;830114921;COLOMBIA MOVIL S.A. E.S.P.;1837235
2019;4;PREPAGO;830114921;COLOMBIA MOVIL S.A. E.S.P.;9804339
2019;4;POSPAGO;830122566;COLOMBIA TELECOMUNICACIONES S.A. ESP;4077225
2019;4;PREPAGO;830122566;COLOMBIA TELECOMUNICACIONES S.A. ESP;12003146
2019;4;POSPAGO;800153993;COMUNICACION CELULAR S A COMCEL S A;7350590
2019;4;PREPAGO;800153993;COMUNICACION CELULAR S A COMCEL S A;23753480
2019;4;POSPAGO;899999115;EMPRESA DE TELECOMUNICACIONES DE BOGOTÁ S.A. ESP.;160575
2019;4;PREPAGO;899999115;EMPRESA DE TELECOMUNICACIONES DE BOGOTÁ S.A. ESP.;228722
2019;4;POSPAGO;901162121;LOGISTICA FLASH COLOMBIA S.A.S;0
2019;4;PREPAGO;901162121;LOGISTICA FLASH COLOMBIA S.A.S;333761
2019;4;POSPAGO;900973532;SUMA MOVIL SAS;0
2019;4;PREPAGO;900973532;SUMA MOVIL SAS;9321
2019;4;POSPAGO;900367669;UFF MOVIL SAS;0
2019;4;PREPAGO;900367669;UFF MOVIL SAS;0
2019;4;POSPAGO;900092385;UNE EPM TELECOMUNICACIONES S.A.;0
2019;4;PREPAGO;900092385;UNE EPM TELECOMUNICACIONES S.A.;0
2019;4;POSPAGO;900420122;VIRGIN MOBILE COLOMBIA S.A.S.;0
2019;4;PREPAGO;900420122;VIRGIN MOBILE COLOMBIA S.A.S.;2986753
2020;1;POSPAGO;900389508;ALMACENES EXITO INVERSIONES S.A.S.;0
2020;1;PREPAGO;900389508;ALMACENES EXITO INVERSIONES S.A.S.;1606947
2020;1;POSPAGO;830016046;AVANTEL S.A.S.;544173
2020;1;PREPAGO;830016046;AVANTEL S.A.S.;1706597
2020;1;POSPAGO;830114921;COLOMBIA MOVIL S.A. E.S.P.;1823564
2020;1;PREPAGO;830114921;COLOMBIA MOVIL S.A. E.S.P.;9984620
2020;1;POSPAGO;830122566;COLOMBIA TELECOMUNICACIONES S.A. ESP;4140576
2020;1;PREPAGO;830122566;COLOMBIA TELECOMUNICACIONES S.A. ESP;11773388
2020;1;POSPAGO;800153993;COMUNICACION CELULAR S A COMCEL S A;7383758
2020;1;PREPAGO;800153993;COMUNICACION CELULAR S A COMCEL S A;23859906
2020;1;POSPAGO;899999115;EMPRESA DE TELECOMUNICACIONES DE BOGOTÁ S.A. ESP.;182796
2020;1;PREPAGO;899999115;EMPRESA DE TELECOMUNICACIONES DE BOGOTÁ S.A. ESP.;209967
2020;1;POSPAGO;901162121;LOGISTICA FLASH COLOMBIA S.A.S;0
2020;1;PREPAGO;901162121;LOGISTICA FLASH COLOMBIA S.A.S;291210
2020;1;POSPAGO;900973532;SUMA MOVIL SAS;0
2020;1;PREPAGO;900973532;SUMA MOVIL SAS;11730
2020;1;POSPAGO;900367669;UFF MOVIL SAS;0
2020;1;PREPAGO;900367669;UFF MOVIL SAS;0
2020;1;POSPAGO;900092385;UNE EPM TELECOMUNICACIONES S.A.;0
2020;1;PREPAGO;900092385;UNE EPM TELECOMUNICACIONES S.A.;0
2020;1;POSPAGO;900420122;VIRGIN MOBILE COLOMBIA S.A.S.;0
2020;1;PREPAGO;900420122;VIRGIN MOBILE COLOMBIA S.A.S.;2973265
2020;2;POSPAGO;900389508;ALMACENES EXITO INVERSIONES S.A.S.;0
2020;2;PREPAGO;900389508;ALMACENES EXITO INVERSIONES S.A.S.;1756948
2020;2;POSPAGO;830016046;AVANTEL S.A.S.;499510
2020;2;PREPAGO;830016046;AVANTEL S.A.S.;977951
2020;2;POSPAGO;830114921;COLOMBIA MOVIL S.A. E.S.P.;1707182
2020;2;PREPAGO;830114921;COLOMBIA MOVIL S.A. E.S.P.;9329848
2020;2;POSPAGO;830122566;COLOMBIA TELECOMUNICACIONES S.A. ESP;4154633
2020;2;PREPAGO;830122566;COLOMBIA TELECOMUNICACIONES S.A. ESP;11453582
2020;2;POSPAGO;800153993;COMUNICACION CELULAR S A COMCEL S A;7421749
2020;2;PREPAGO;800153993;COMUNICACION CELULAR S A COMCEL S A;24112825
2020;2;POSPAGO;899999115;EMPRESA DE TELECOMUNICACIONES DE BOGOTÁ S.A. ESP.;169575
2020;2;PREPAGO;899999115;EMPRESA DE TELECOMUNICACIONES DE BOGOTÁ S.A. ESP.;181904
2020;2;POSPAGO;901162121;LOGISTICA FLASH COLOMBIA S.A.S;0
2020;2;PREPAGO;901162121;LOGISTICA FLASH COLOMBIA S.A.S;272850
2020;2;POSPAGO;900973532;SUMA MOVIL SAS;0
2020;2;PREPAGO;900973532;SUMA MOVIL SAS;13058
2020;2;POSPAGO;900367669;UFF MOVIL SAS;0
2020;2;PREPAGO;900367669;UFF MOVIL SAS;0
2020;2;POSPAGO;900092385;UNE EPM TELECOMUNICACIONES S.A.;0
2020;2;PREPAGO;900092385;UNE EPM TELECOMUNICACIONES S.A.;0
2020;2;POSPAGO;900420122;VIRGIN MOBILE COLOMBIA S.A.S.;0
2020;2;PREPAGO;900420122;VIRGIN MOBILE COLOMBIA S.A.S.;2815403
2020;3;POSPAGO;900389508;ALMACENES EXITO INVERSIONES S.A.S.;0
2020;3;PREPAGO;900389508;ALMACENES EXITO INVERSIONES S.A.S.;1498443
2020;3;POSPAGO;830016046;AVANTEL S.A.S.;469411
2020;3;PREPAGO;830016046;AVANTEL S.A.S.;921302
2020;3;POSPAGO;830114921;COLOMBIA MOVIL S.A. E.S.P.;1740206
2020;3;PREPAGO;830114921;COLOMBIA MOVIL S.A. E.S.P.;9755437
2020;3;POSPAGO;830122566;COLOMBIA TELECOMUNICACIONES S.A. ESP;4332314
2020;3;PREPAGO;830122566;COLOMBIA TELECOMUNICACIONES S.A. ESP;11405662
2020;3;POSPAGO;800153993;COMUNICACION CELULAR S A COMCEL S A;7563876
2020;3;PREPAGO;800153993;COMUNICACION CELULAR S A COMCEL S A;24459904
2020;3;POSPAGO;899999115;EMPRESA DE TELECOMUNICACIONES DE BOGOTÁ S.A. ESP.;179405
2020;3;PREPAGO;899999115;EMPRESA DE TELECOMUNICACIONES DE BOGOTÁ S.A. ESP.;148147
2020;3;POSPAGO;901162121;LOGISTICA FLASH COLOMBIA S.A.S;0
2020;3;PREPAGO;901162121;LOGISTICA FLASH COLOMBIA S.A.S;244783
2020;3;POSPAGO;900973532;SUMA MOVIL SAS;0
2020;3;PREPAGO;900973532;SUMA MOVIL SAS;14456
2020;3;POSPAGO;900367669;UFF MOVIL SAS;0
2020;3;PREPAGO;900367669;UFF MOVIL SAS;0
2020;3;POSPAGO;900092385;UNE EPM TELECOMUNICACIONES S.A.;0
2020;3;PREPAGO;900092385;UNE EPM TELECOMUNICACIONES S.A.;0
2020;3;POSPAGO;900420122;VIRGIN MOBILE COLOMBIA S.A.S.;0
2020;3;PREPAGO;900420122;VIRGIN MOBILE COLOMBIA S.A.S.;2744831
2020;4;POSPAGO;900389508;ALMACENES EXITO INVERSIONES S.A.S.;0
2020;4;PREPAGO;900389508;ALMACENES EXITO INVERSIONES S.A.S.;1205229
2020;4;POSPAGO;830016046;AVANTEL S.A.S.;478242
2020;4;PREPAGO;830016046;AVANTEL S.A.S.;774606
2020;4;POSPAGO;830114921;COLOMBIA MOVIL S.A. E.S.P.;1784516
2020;4;PREPAGO;830114921;COLOMBIA MOVIL S.A. E.S.P.;10718770
2020;4;POSPAGO;830122566;COLOMBIA TELECOMUNICACIONES S.A. ESP;4362606
2020;4;PREPAGO;830122566;COLOMBIA TELECOMUNICACIONES S.A. ESP;11935335
2020;4;POSPAGO;800153993;COMUNICACION CELULAR S A COMCEL S A;7765177
2020;4;PREPAGO;800153993;COMUNICACION CELULAR S A COMCEL S A;25243585
2020;4;POSPAGO;899999115;EMPRESA DE TELECOMUNICACIONES DE BOGOTÁ S.A. ESP.;197712
2020;4;PREPAGO;899999115;EMPRESA DE TELECOMUNICACIONES DE BOGOTÁ S.A. ESP.;125434
2020;4;POSPAGO;901162121;LOGISTICA FLASH COLOMBIA S.A.S;0
2020;4;PREPAGO;901162121;LOGISTICA FLASH COLOMBIA S.A.S;220353
2020;4;POSPAGO;900973532;SUMA MOVIL SAS;0
2020;4;PREPAGO;900973532;SUMA MOVIL SAS;15393
2020;4;POSPAGO;900367669;UFF MOVIL SAS;0
2020;4;PREPAGO;900367669;UFF MOVIL SAS;0
2020;4;POSPAGO;900092385;UNE EPM TELECOMUNICACIONES S.A.;0
2020;4;PREPAGO;900092385;UNE EPM TELECOMUNICACIONES S.A.;0
2020;4;POSPAGO;900420122;VIRGIN MOBILE COLOMBIA S.A.S.;0
2020;4;PREPAGO;900420122;VIRGIN MOBILE COLOMBIA S.A.S.;2833281
2020;4;POSPAGO;901104609;SETROC MOBILE GROUP SAS;0
2020;4;PREPAGO;901104609;SETROC MOBILE GROUP SAS;12331
2021;1;POSPAGO;900389508;ALMACENES EXITO INVERSIONES S.A.S.;0
2021;1;PREPAGO;900389508;ALMACENES EXITO INVERSIONES S.A.S.;1381616
2021;1;POSPAGO;830016046;AVANTEL S.A.S.;514014
2021;1;PREPAGO;830016046;AVANTEL S.A.S.;786381
2021;1;POSPAGO;830114921;COLOMBIA MOVIL S.A. E.S.P.;1860932
2021;1;PREPAGO;830114921;COLOMBIA MOVIL S.A. E.S.P.;11179985
2021;1;POSPAGO;830122566;COLOMBIA TELECOMUNICACIONES S.A. ESP;4520036
2021;1;PREPAGO;830122566;COLOMBIA TELECOMUNICACIONES S.A. ESP;12189416
2021;1;POSPAGO;800153993;COMUNICACION CELULAR S A COMCEL S A;7919053
2021;1;PREPAGO;800153993;COMUNICACION CELULAR S A COMCEL S A;25542054
2021;1;POSPAGO;899999115;EMPRESA DE TELECOMUNICACIONES DE BOGOTÁ S.A. ESP.;200162
2021;1;PREPAGO;899999115;EMPRESA DE TELECOMUNICACIONES DE BOGOTÁ S.A. ESP.;121927
2021;1;POSPAGO;901162121;LOGISTICA FLASH COLOMBIA S.A.S;0
2021;1;PREPAGO;901162121;LOGISTICA FLASH COLOMBIA S.A.S;207362
2021;1;POSPAGO;900973532;SUMA MOVIL SAS;0
2021;1;PREPAGO;900973532;SUMA MOVIL SAS;14410
2021;1;POSPAGO;900367669;UFF MOVIL SAS;0
2021;1;PREPAGO;900367669;UFF MOVIL SAS;0
2021;1;POSPAGO;900092385;UNE EPM TELECOMUNICACIONES S.A.;0
2021;1;PREPAGO;900092385;UNE EPM TELECOMUNICACIONES S.A.;0
2021;1;POSPAGO;900420122;VIRGIN MOBILE COLOMBIA S.A.S.;0
2021;1;PREPAGO;900420122;VIRGIN MOBILE COLOMBIA S.A.S.;2980494
2021;1;POSPAGO;901104609;SETROC MOBILE GROUP SAS;0
2021;1;PREPAGO;901104609;SETROC MOBILE GROUP SAS;24511
2021;2;POSPAGO;900389508;ALMACENES EXITO INVERSIONES S.A.S.;0
2021;2;PREPAGO;900389508;ALMACENES EXITO INVERSIONES S.A.S.;1135163
2021;2;POSPAGO;830016046;AVANTEL S.A.S.;283663
2021;2;PREPAGO;830016046;AVANTEL S.A.S.;691970
2021;2;POSPAGO;830114921;COLOMBIA MOVIL S.A. E.S.P.;2099943
2021;2;PREPAGO;830114921;COLOMBIA MOVIL S.A. E.S.P.;10923631
2021;2;POSPAGO;830122566;COLOMBIA TELECOMUNICACIONES S.A. ESP;4732330
2021;2;PREPAGO;830122566;COLOMBIA TELECOMUNICACIONES S.A. ESP;12476977
2021;2;POSPAGO;800153993;COMUNICACION CELULAR S A COMCEL S A;8078465
2021;2;PREPAGO;800153993;COMUNICACION CELULAR S A COMCEL S A;25765054
2021;2;POSPAGO;899999115;EMPRESA DE TELECOMUNICACIONES DE BOGOTÁ S.A. ESP.;182427
2021;2;PREPAGO;899999115;EMPRESA DE TELECOMUNICACIONES DE BOGOTÁ S.A. ESP.;112014
2021;2;POSPAGO;901162121;LOGISTICA FLASH COLOMBIA S.A.S;0
2021;2;PREPAGO;901162121;LOGISTICA FLASH COLOMBIA S.A.S;192443
2021;2;POSPAGO;900973532;SUMA MOVIL SAS;0
2021;2;PREPAGO;900973532;SUMA MOVIL SAS;14201
2021;2;POSPAGO;900367669;UFF MOVIL SAS;0
2021;2;PREPAGO;900367669;UFF MOVIL SAS;0
2021;2;POSPAGO;900092385;UNE EPM TELECOMUNICACIONES S.A.;0
2021;2;PREPAGO;900092385;UNE EPM TELECOMUNICACIONES S.A.;0
2021;2;POSPAGO;900420122;VIRGIN MOBILE COLOMBIA S.A.S.;0
2021;2;PREPAGO;900420122;VIRGIN MOBILE COLOMBIA S.A.S.;3066537
2021;2;POSPAGO;901104609;SETROC MOBILE GROUP SAS;0
2021;2;PREPAGO;901104609;SETROC MOBILE GROUP SAS;40780
2021;2;POSPAGO;901354361;PARTNERS TELECOM COLOMBIA SAS;317321
2021;2;PREPAGO;901354361;PARTNERS TELECOM COLOMBIA SAS;378592
2021;3;POSPAGO;900389508;ALMACENES EXITO INVERSIONES S.A.S.;0
2021;3;PREPAGO;900389508;ALMACENES EXITO INVERSIONES S.A.S.;1318129
2021;3;POSPAGO;830016046;AVANTEL S.A.S.;94965
2021;3;PREPAGO;830016046;AVANTEL S.A.S.;532010
2021;3;POSPAGO;830114921;COLOMBIA MOVIL S.A. E.S.P.;2616351
2021;3;PREPAGO;830114921;COLOMBIA MOVIL S.A. E.S.P.;11355405
2021;3;POSPAGO;830122566;COLOMBIA TELECOMUNICACIONES S.A. ESP;4865308
2021;3;PREPAGO;830122566;COLOMBIA TELECOMUNICACIONES S.A. ESP;13042515
2021;3;POSPAGO;800153993;COMUNICACION CELULAR S A COMCEL S A;8391598
2021;3;PREPAGO;800153993;COMUNICACION CELULAR S A COMCEL S A;25964111
2021;3;POSPAGO;899999115;EMPRESA DE TELECOMUNICACIONES DE BOGOTÁ S.A. ESP.;154340
2021;3;PREPAGO;899999115;EMPRESA DE TELECOMUNICACIONES DE BOGOTÁ S.A. ESP.;107772
2021;3;POSPAGO;901162121;LOGISTICA FLASH COLOMBIA S.A.S;0
2021;3;PREPAGO;901162121;LOGISTICA FLASH COLOMBIA S.A.S;182205
2021;3;POSPAGO;900973532;SUMA MOVIL SAS;0
2021;3;PREPAGO;900973532;SUMA MOVIL SAS;17529
2021;3;POSPAGO;900367669;UFF MOVIL SAS;0
2021;3;PREPAGO;900367669;UFF MOVIL SAS;0
2021;3;POSPAGO;900092385;UNE EPM TELECOMUNICACIONES S.A.;0
2021;3;PREPAGO;900092385;UNE EPM TELECOMUNICACIONES S.A.;0
2021;3;POSPAGO;900420122;VIRGIN MOBILE COLOMBIA S.A.S.;0
2021;3;PREPAGO;900420122;VIRGIN MOBILE COLOMBIA S.A.S.;2791683
2021;3;POSPAGO;901104609;SETROC MOBILE GROUP SAS;0
2021;3;PREPAGO;901104609;SETROC MOBILE GROUP SAS;39189
2021;3;POSPAGO;901354361;PARTNERS TELECOM COLOMBIA SAS;674824
2021;3;PREPAGO;901354361;PARTNERS TELECOM COLOMBIA SAS;900379
2021;4;POSPAGO;900389508;ALMACENES EXITO INVERSIONES S.A.S.;0
2021;4;PREPAGO;900389508;ALMACENES EXITO INVERSIONES S.A.S.;1107478
2021;4;POSPAGO;830016046;AVANTEL S.A.S.;45546
2021;4;PREPAGO;830016046;AVANTEL S.A.S.;383271
2021;4;POSPAGO;830114921;COLOMBIA MOVIL S.A. E.S.P.;2821441
2021;4;PREPAGO;830114921;COLOMBIA MOVIL S.A. E.S.P.;11695605
2021;4;POSPAGO;830122566;COLOMBIA TELECOMUNICACIONES S.A. ESP;4984625
2021;4;PREPAGO;830122566;COLOMBIA TELECOMUNICACIONES S.A. ESP;13792471
2021;4;POSPAGO;800153993;COMUNICACION CELULAR S A COMCEL S A;8748884
2021;4;PREPAGO;800153993;COMUNICACION CELULAR S A COMCEL S A;26313067
2021;4;POSPAGO;899999115;EMPRESA DE TELECOMUNICACIONES DE BOGOTÁ S.A. ESP.;130713
2021;4;PREPAGO;899999115;EMPRESA DE TELECOMUNICACIONES DE BOGOTÁ S.A. ESP.;105247
2021;4;POSPAGO;901162121;LOGISTICA FLASH COLOMBIA S.A.S;0
2021;4;PREPAGO;901162121;LOGISTICA FLASH COLOMBIA S.A.S;175599
2021;4;POSPAGO;900973532;SUMA MOVIL SAS;0
2021;4;PREPAGO;900973532;SUMA MOVIL SAS;21074
2021;4;POSPAGO;900367669;UFF MOVIL SAS;0
2021;4;PREPAGO;900367669;UFF MOVIL SAS;0
2021;4;POSPAGO;900092385;UNE EPM TELECOMUNICACIONES S.A.;0
2021;4;PREPAGO;900092385;UNE EPM TELECOMUNICACIONES S.A.;0
2021;4;POSPAGO;900420122;VIRGIN MOBILE COLOMBIA S.A.S.;0
2021;4;PREPAGO;900420122;VIRGIN MOBILE COLOMBIA S.A.S.;2734135
2021;4;POSPAGO;901104609;SETROC MOBILE GROUP SAS;0
2021;4;PREPAGO;901104609;SETROC MOBILE GROUP SAS;45723
2021;4;POSPAGO;901354361;PARTNERS TELECOM COLOMBIA SAS;776372
2021;4;PREPAGO;901354361;PARTNERS TELECOM COLOMBIA SAS;1174860
2022;1;POSPAGO;900389508;ALMACENES EXITO INVERSIONES S.A.S.;0
2022;1;PREPAGO;900389508;ALMACENES EXITO INVERSIONES S.A.S.;1251017
2022;1;POSPAGO;830016046;AVANTEL S.A.S.;28688
2022;1;PREPAGO;830016046;AVANTEL S.A.S.;293769
2022;1;POSPAGO;830114921;COLOMBIA MOVIL S.A. E.S.P.;3079181
2022;1;PREPAGO;830114921;COLOMBIA MOVIL S.A. E.S.P.;11632312
2022;1;POSPAGO;830122566;COLOMBIA TELECOMUNICACIONES S.A. ESP;5107397
2022;1;PREPAGO;830122566;COLOMBIA TELECOMUNICACIONES S.A. ESP;13758842
2022;1;POSPAGO;800153993;COMUNICACION CELULAR S A COMCEL S A;9048114
2022;1;PREPAGO;800153993;COMUNICACION CELULAR S A COMCEL S A;26661706
2022;1;POSPAGO;899999115;EMPRESA DE TELECOMUNICACIONES DE BOGOTÁ S.A. ESP.;130376
2022;1;PREPAGO;899999115;EMPRESA DE TELECOMUNICACIONES DE BOGOTÁ S.A. ESP.;107845
2022;1;POSPAGO;901162121;LOGISTICA FLASH COLOMBIA S.A.S;0
2022;1;PREPAGO;901162121;LOGISTICA FLASH COLOMBIA S.A.S;169887
2022;1;POSPAGO;900973532;SUMA MOVIL SAS;0
2022;1;PREPAGO;900973532;SUMA MOVIL SAS;23905
2022;1;POSPAGO;900367669;UFF MOVIL SAS;0
2022;1;PREPAGO;900367669;UFF MOVIL SAS;0
2022;1;POSPAGO;900092385;UNE EPM TELECOMUNICACIONES S.A.;0
2022;1;PREPAGO;900092385;UNE EPM TELECOMUNICACIONES S.A.;0
2022;1;POSPAGO;900420122;VIRGIN MOBILE COLOMBIA S.A.S.;0
2022;1;PREPAGO;900420122;VIRGIN MOBILE COLOMBIA S.A.S.;2720683
2022;1;POSPAGO;901104609;SETROC MOBILE GROUP SAS;0
2022;1;PREPAGO;901104609;SETROC MOBILE GROUP SAS;48109
2022;1;POSPAGO;901354361;PARTNERS TELECOM COLOMBIA SAS;833479
2022;1;PREPAGO;901354361;PARTNERS TELECOM COLOMBIA SAS;1096548
2022;2;POSPAGO;900389508;ALMACENES EXITO INVERSIONES S.A.S.;0
2022;2;PREPAGO;900389508;ALMACENES EXITO INVERSIONES S.A.S.;1419121
2022;2;POSPAGO;830016046;AVANTEL S.A.S.;10330
2022;2;PREPAGO;830016046;AVANTEL S.A.S.;263444
2022;2;POSPAGO;830114921;COLOMBIA MOVIL S.A. E.S.P.;3310818
2022;2;PREPAGO;830114921;COLOMBIA MOVIL S.A. E.S.P.;11400679
2022;2;POSPAGO;830122566;COLOMBIA TELECOMUNICACIONES S.A. ESP;5204026
2022;2;PREPAGO;830122566;COLOMBIA TELECOMUNICACIONES S.A. ESP;14534038
2022;2;POSPAGO;800153993;COMUNICACION CELULAR S A COMCEL S A;9319713
2022;2;PREPAGO;800153993;COMUNICACION CELULAR S A COMCEL S A;27002170
2022;2;POSPAGO;899999115;EMPRESA DE TELECOMUNICACIONES DE BOGOTÁ S.A. ESP.;122133
2022;2;PREPAGO;899999115;EMPRESA DE TELECOMUNICACIONES DE BOGOTÁ S.A. ESP.;108134
2022;2;POSPAGO;901162121;LOGISTICA FLASH COLOMBIA S.A.S;0
2022;2;PREPAGO;901162121;LOGISTICA FLASH COLOMBIA S.A.S;165206
2022;2;POSPAGO;900973532;SUMA MOVIL SAS;0
2022;2;PREPAGO;900973532;SUMA MOVIL SAS;25159
2022;2;POSPAGO;900367669;UFF MOVIL SAS;0
2022;2;PREPAGO;900367669;UFF MOVIL SAS;0
2022;2;POSPAGO;900092385;UNE EPM TELECOMUNICACIONES S.A.;0
2022;2;PREPAGO;900092385;UNE EPM TELECOMUNICACIONES S.A.;0
2022;2;POSPAGO;900420122;VIRGIN MOBILE COLOMBIA S.A.S.;0
2022;2;PREPAGO;900420122;VIRGIN MOBILE COLOMBIA S.A.S.;2733347
2022;2;POSPAGO;901104609;SETROC MOBILE GROUP SAS;0
2022;2;PREPAGO;901104609;SETROC MOBILE GROUP SAS;20536
2022;2;POSPAGO;901354361;PARTNERS TELECOM COLOMBIA SAS;948927
2022;2;PREPAGO;901354361;PARTNERS TELECOM COLOMBIA SAS;1284863
2022;3;POSPAGO;900389508;ALMACENES EXITO INVERSIONES S.A.S.;0
2022;3;PREPAGO;900389508;ALMACENES EXITO INVERSIONES S.A.S.;1425973
2022;3;POSPAGO;830016046;AVANTEL S.A.S.;0
2022;3;PREPAGO;830016046;AVANTEL S.A.S.;0
2022;3;POSPAGO;830114921;COLOMBIA MOVIL S.A. E.S.P.;3214132
2022;3;PREPAGO;830114921;COLOMBIA MOVIL S.A. E.S.P.;11637573
2022;3;POSPAGO;830122566;COLOMBIA TELECOMUNICACIONES S.A. ESP;5399631
2022;3;PREPAGO;830122566;COLOMBIA TELECOMUNICACIONES S.A. ESP;14609338
2022;3;POSPAGO;800153993;COMUNICACION CELULAR S A COMCEL S A;9534908
2022;3;PREPAGO;800153993;COMUNICACION CELULAR S A COMCEL S A;27308810
2022;3;POSPAGO;899999115;EMPRESA DE TELECOMUNICACIONES DE BOGOTÁ S.A. ESP.;132749
2022;3;PREPAGO;899999115;EMPRESA DE TELECOMUNICACIONES DE BOGOTÁ S.A. ESP.;116022
2022;3;POSPAGO;901162121;LOGISTICA FLASH COLOMBIA S.A.S;0
2022;3;PREPAGO;901162121;LOGISTICA FLASH COLOMBIA S.A.S;159219
2022;3;POSPAGO;900973532;SUMA MOVIL SAS;0
2022;3;PREPAGO;900973532;SUMA MOVIL SAS;26528
2022;3;POSPAGO;900367669;UFF MOVIL SAS;0
2022;3;PREPAGO;900367669;UFF MOVIL SAS;0
2022;3;POSPAGO;900092385;UNE EPM TELECOMUNICACIONES S.A.;0
2022;3;PREPAGO;900092385;UNE EPM TELECOMUNICACIONES S.A.;0
2022;3;POSPAGO;900420122;VIRGIN MOBILE COLOMBIA S.A.S.;0
2022;3;PREPAGO;900420122;VIRGIN MOBILE COLOMBIA S.A.S.;2781862
2022;3;POSPAGO;901104609;SETROC MOBILE GROUP SAS;0
2022;3;PREPAGO;901104609;SETROC MOBILE GROUP SAS;20080
2022;3;POSPAGO;901354361;PARTNERS TELECOM COLOMBIA SAS;1095635
2022;3;PREPAGO;901354361;PARTNERS TELECOM COLOMBIA SAS;1578901
2022;3;POSPAGO;901470579;LOV TELECOMUNICACIONES SAS;0
2022;3;PREPAGO;901470579;LOV TELECOMUNICACIONES SAS;7009
2022;3;POSPAGO;830130125;CELLVOZ COLOMBIA SERVICIOS INTEGRALES S A E S P;0
2022;3;PREPAGO;830130125;CELLVOZ COLOMBIA SERVICIOS INTEGRALES S A E S P;587
2022;4;POSPAGO;900389508;ALMACENES EXITO INVERSIONES S.A.S.;0
2022;4;PREPAGO;900389508;ALMACENES EXITO INVERSIONES S.A.S.;1458616
2022;4;POSPAGO;830016046;AVANTEL S.A.S.;0
2022;4;PREPAGO;830016046;AVANTEL S.A.S.;0
2022;4;POSPAGO;830114921;COLOMBIA MOVIL S.A. E.S.P.;3263650
2022;4;PREPAGO;830114921;COLOMBIA MOVIL S.A. E.S.P.;11751292
2022;4;POSPAGO;830122566;COLOMBIA TELECOMUNICACIONES S.A. ESP;5439450
2022;4;PREPAGO;830122566;COLOMBIA TELECOMUNICACIONES S.A. ESP;15088339
2022;4;POSPAGO;800153993;COMUNICACION CELULAR S A COMCEL S A;9695106
2022;4;PREPAGO;800153993;COMUNICACION CELULAR S A COMCEL S A;27854848
2022;4;POSPAGO;899999115;EMPRESA DE TELECOMUNICACIONES DE BOGOTÁ S.A. ESP.;139027
2022;4;PREPAGO;899999115;EMPRESA DE TELECOMUNICACIONES DE BOGOTÁ S.A. ESP.;122495
2022;4;POSPAGO;901162121;LOGISTICA FLASH COLOMBIA S.A.S;0
2022;4;PREPAGO;901162121;LOGISTICA FLASH COLOMBIA S.A.S;149587
2022;4;POSPAGO;900973532;SUMA MOVIL SAS;0
2022;4;PREPAGO;900973532;SUMA MOVIL SAS;27110
2022;4;POSPAGO;900367669;UFF MOVIL SAS;0
2022;4;PREPAGO;900367669;UFF MOVIL SAS;0
2022;4;POSPAGO;900092385;UNE EPM TELECOMUNICACIONES S.A.;0
2022;4;PREPAGO;900092385;UNE EPM TELECOMUNICACIONES S.A.;0
2022;4;POSPAGO;900420122;VIRGIN MOBILE COLOMBIA S.A.S.;0
2022;4;PREPAGO;900420122;VIRGIN MOBILE COLOMBIA S.A.S.;2795676
2022;4;POSPAGO;901104609;SETROC MOBILE GROUP SAS;0
2022;4;PREPAGO;901104609;SETROC MOBILE GROUP SAS;16173
2022;4;POSPAGO;901354361;PARTNERS TELECOM COLOMBIA SAS;1339978
2022;4;PREPAGO;901354361;PARTNERS TELECOM COLOMBIA SAS;1661026
2022;4;POSPAGO;901470579;LOV TELECOMUNICACIONES SAS;0
2022;4;PREPAGO;901470579;LOV TELECOMUNICACIONES SAS;8067
2022;4;POSPAGO;830130125;CELLVOZ COLOMBIA SERVICIOS INTEGRALES S A E S P;0
2022;4;PREPAGO;830130125;CELLVOZ COLOMBIA SERVICIOS INTEGRALES S A E S P;1725
2023;1;POSPAGO;900389508;ALMACENES EXITO INVERSIONES S.A.S.;0
2023;1;PREPAGO;900389508;ALMACENES EXITO INVERSIONES S.A.S.;1665579
2023;1;POSPAGO;830016046;AVANTEL S.A.S.;0
2023;1;PREPAGO;830016046;AVANTEL S.A.S.;0
2023;1;POSPAGO;830114921;COLOMBIA MOVIL S.A. E.S.P.;3447006
2023;1;PREPAGO;830114921;COLOMBIA MOVIL S.A. E.S.P.;11621504
2023;1;POSPAGO;830122566;COLOMBIA TELECOMUNICACIONES S.A. ESP;5475174
2023;1;PREPAGO;830122566;COLOMBIA TELECOMUNICACIONES S.A. ESP;15088235
2023;1;POSPAGO;800153993;COMUNICACION CELULAR S A COMCEL S A;9858903
2023;1;PREPAGO;800153993;COMUNICACION CELULAR S A COMCEL S A;28208948
2023;1;POSPAGO;899999115;EMPRESA DE TELECOMUNICACIONES DE BOGOTÁ S.A. ESP.;154112
2023;1;PREPAGO;899999115;EMPRESA DE TELECOMUNICACIONES DE BOGOTÁ S.A. ESP.;117877
2023;1;POSPAGO;901162121;LOGISTICA FLASH COLOMBIA S.A.S;0
2023;1;PREPAGO;901162121;LOGISTICA FLASH COLOMBIA S.A.S;139413
2023;1;POSPAGO;900973532;SUMA MOVIL SAS;0
2023;1;PREPAGO;900973532;SUMA MOVIL SAS;28527
2023;1;POSPAGO;900367669;UFF MOVIL SAS;0
2023;1;PREPAGO;900367669;UFF MOVIL SAS;0
2023;1;POSPAGO;900092385;UNE EPM TELECOMUNICACIONES S.A.;0
2023;1;PREPAGO;900092385;UNE EPM TELECOMUNICACIONES S.A.;0
2023;1;POSPAGO;900420122;VIRGIN MOBILE COLOMBIA S.A.S.;0
2023;1;PREPAGO;900420122;VIRGIN MOBILE COLOMBIA S.A.S.;2799349
2023;1;POSPAGO;901104609;SETROC MOBILE GROUP SAS;0
2023;1;PREPAGO;901104609;SETROC MOBILE GROUP SAS;10513
2023;1;POSPAGO;901354361;PARTNERS TELECOM COLOMBIA SAS;1488652
2023;1;PREPAGO;901354361;PARTNERS TELECOM COLOMBIA SAS;2055179
2023;1;POSPAGO;901470579;LOV TELECOMUNICACIONES SAS;0
2023;1;PREPAGO;901470579;LOV TELECOMUNICACIONES SAS;9334
2023;1;POSPAGO;830130125;CELLVOZ COLOMBIA SERVICIOS INTEGRALES S A E S P;0
2023;1;PREPAGO;830130125;CELLVOZ COLOMBIA SERVICIOS INTEGRALES S A E S P;2868
2023;2;POSPAGO;900389508;ALMACENES EXITO INVERSIONES S.A.S.;0
2023;2;PREPAGO;900389508;ALMACENES EXITO INVERSIONES S.A.S.;1717073
2023;2;POSPAGO;830016046;AVANTEL S.A.S.;0
2023;2;PREPAGO;830016046;AVANTEL S.A.S.;0
2023;2;POSPAGO;830114921;COLOMBIA MOVIL S.A. E.S.P.;3589610
2023;2;PREPAGO;830114921;COLOMBIA MOVIL S.A. E.S.P.;11578344
2023;2;POSPAGO;830122566;COLOMBIA TELECOMUNICACIONES S.A. ESP;5548057
2023;2;PREPAGO;830122566;COLOMBIA TELECOMUNICACIONES S.A. ESP;15528960
2023;2;POSPAGO;800153993;COMUNICACION CELULAR S A COMCEL S A;10030026
2023;2;PREPAGO;800153993;COMUNICACION CELULAR S A COMCEL S A;28393869
2023;2;POSPAGO;899999115;EMPRESA DE TELECOMUNICACIONES DE BOGOTÁ S.A. ESP.;174295
2023;2;PREPAGO;899999115;EMPRESA DE TELECOMUNICACIONES DE BOGOTÁ S.A. ESP.;120916
2023;2;POSPAGO;901162121;LOGISTICA FLASH COLOMBIA S.A.S;0
2023;2;PREPAGO;901162121;LOGISTICA FLASH COLOMBIA S.A.S;133975
2023;2;POSPAGO;900973532;SUMA MOVIL SAS;0
2023;2;PREPAGO;900973532;SUMA MOVIL SAS;32029
2023;2;POSPAGO;900367669;UFF MOVIL SAS;0
2023;2;PREPAGO;900367669;UFF MOVIL SAS;0
2023;2;POSPAGO;900092385;UNE EPM TELECOMUNICACIONES S.A.;0
2023;2;PREPAGO;900092385;UNE EPM TELECOMUNICACIONES S.A.;0
2023;2;POSPAGO;900420122;VIRGIN MOBILE COLOMBIA S.A.S.;0
2023;2;PREPAGO;900420122;VIRGIN MOBILE COLOMBIA S.A.S.;2816678
2023;2;POSPAGO;901104609;SETROC MOBILE GROUP SAS;0
2023;2;PREPAGO;901104609;SETROC MOBILE GROUP SAS;226
2023;2;POSPAGO;901354361;PARTNERS TELECOM COLOMBIA SAS;1651626
2023;2;PREPAGO;901354361;PARTNERS TELECOM COLOMBIA SAS;1987968
2023;2;POSPAGO;901470579;LOV TELECOMUNICACIONES SAS;0
2023;2;PREPAGO;901470579;LOV TELECOMUNICACIONES SAS;11071
2023;2;POSPAGO;830130125;CELLVOZ COLOMBIA SERVICIOS INTEGRALES S A E S P;0
2023;2;PREPAGO;830130125;CELLVOZ COLOMBIA SERVICIOS INTEGRALES S A E S P;3618
